lat,lng,province,province_id,region,region_id,date,month,season,hazard_type,hazard_type_id,base_flood_risk,base_landslide_risk,base_storm_risk,weather_avg_temp,weather_max_temp,weather_min_temp,weather_total_precip_30d,weather_max_daily_precip,weather_avg_wind,weather_max_wind,weather_days_with_rain,weather_days_heavy_rain,risk_level
19.971284,106.532715,Nam Định,23,north,0,2021-03-27,3,0,landslide,1,4,1,3,21.2,23.6,16.5,42.5,8.1,24.52,46.5,17,0,1
16.043768,107.779186,Thừa Thiên Huế,30,central,1,2022-02-07,2,0,storm,2,5,4,5,18.86,26.5,12.9,102.8,14.1,10.19,15.6,30,0,3
17.068567,107.017322,Quảng Bình,28,central,1,2023-06-23,6,2,flood,0,5,4,5,30.57,38.8,24.4,103.3,23.8,16.34,21.3,26,0,5
9.989645,106.254526,Vĩnh Long,54,south,3,2022-03-26,3,0,landslide,1,4,1,1,27.48,34.5,23.3,31.0,13.6,17.62,28.1,20,0,1
21.342858,105.978056,Vĩnh Phúc,16,north,0,2023-02-13,2,0,flood,0,2,1,2,17.88,31.8,6.7,70.4,21.9,15.25,23.5,18,0,1
10.186115,106.774513,Bến Tre,52,south,3,2020-04-21,4,0,landslide,1,4,1,2,28.52,32.0,25.6,23.0,8.2,22.4,33.1,23,0,1
11.266663,108.527686,Bình Thuận,38,central,1,2022-07-19,7,2,flood,0,3,2,3,27.36,35.2,22.1,179.2,18.5,13.69,21.0,31,0,4
10.530166,106.159319,Bến Tre,52,south,3,2023-10-10,10,2,landslide,1,4,1,2,26.41,32.2,23.3,454.1,41.8,14.46,21.1,31,0,1
21.362863,105.926679,Vĩnh Phúc,16,north,0,2021-01-05,1,0,flood,0,2,1,2,16.17,26.3,5.9,30.3,20.7,13.44,26.4,9,0,1
16.326105,107.450497,Thừa Thiên Huế,30,central,1,2023-02-24,2,0,storm,2,5,4,5,20.09,32.4,10.8,211.7,55.9,12.69,21.3,25,1,3
10.992735,106.533832,Long An,50,south,3,2020-09-11,9,2,flood,0,4,1,1,27.65,33.7,23.1,274.0,21.3,12.74,17.2,31,0,5
18.024974,105.507982,Hà Tĩnh,27,central,1,2020-07-16,7,2,flood,0,5,3,5,21.49,26.7,18.1,69.4,9.5,21.04,28.3,30,0,5
10.682736,105.969637,Long An,50,south,3,2021-11-02,11,1,landslide,1,4,1,1,26.66,32.3,22.8,293.0,34.8,14.62,23.4,30,0,1
16.576153,107.330055,Quảng Trị,29,central,1,2022-05-25,5,1,landslide,1,5,4,5,26.18,35.5,19.8,350.7,45.6,13.12,26.3,30,0,5
18.214173,105.590872,Hà Tĩnh,27,central,1,2022-06-26,6,2,flood,0,5,3,5,29.55,37.0,23.5,77.9,20.4,9.72,14.0,19,0,5
22.51458,105.640606,Bắc Kạn,12,north,0,2022-07-06,7,2,storm,2,3,4,2,26.86,34.5,22.0,328.6,40.0,7.9,12.0,31,0,3
21.63817,105.716943,Vĩnh Phúc,16,north,0,2022-12-01,12,1,landslide,1,2,1,2,23.52,30.6,11.9,43.2,9.5,11.17,26.0,17,0,1
15.404595,108.444005,Quảng Nam,32,central,1,2021-01-04,1,0,storm,2,5,4,5,20.21,27.3,15.5,509.9,77.4,13.54,21.5,29,1,2
22.485823,106.085766,Bắc Kạn,12,north,0,2022-02-15,2,0,landslide,1,3,4,2,11.18,21.2,4.8,206.5,55.9,13.4,21.3,26,1,2
20.997513,103.442062,Điện Biên,5,north,0,2023-05-24,5,1,landslide,1,3,4,1,22.01,31.3,13.9,125.2,24.6,15.5,21.2,25,0,3
20.919231,106.302847,Hà Nam,22,north,0,2020-01-28,1,0,storm,2,3,1,2,19.72,27.9,10.4,91.6,49.4,16.09,28.5,27,0,1
21.462678,103.433522,Sơn La,6,north,0,2021-01-06,1,0,flood,0,3,5,2,11.26,22.9,0.8,1.5,1.4,9.28,14.2,2,0,1
21.947625,104.982582,Yên Bái,4,north,0,2020-06-30,6,2,flood,0,4,4,2,28.77,35.5,23.9,249.4,44.9,9.61,13.9,29,0,5
21.575953,104.989818,Tuyên Quang,13,north,0,2020-03-22,3,0,landslide,1,3,3,2,21.28,31.1,14.6,158.0,52.4,11.68,19.7,24,1,1
21.729262,106.551107,Lạng Sơn,10,north,0,2020-05-17,5,1,landslide,1,3,3,2,22.21,31.6,12.0,161.9,34.3,18.36,25.8,22,0,3
17.6824,106.931502,Quảng Bình,28,central,1,2021-09-14,9,2,flood,0,5,4,5,28.77,32.5,26.1,298.6,66.3,27.41,46.5,22,1,5
16.0671,108.634102,Quảng Nam,32,central,1,2021-10-26,10,2,storm,2,5,4,5,27.03,29.8,24.4,683.4,150.2,30.82,62.1,31,5,5
13.903594,107.847214,Gia Lai,40,highlands,2,2022-02-04,2,0,flood,0,3,3,2,22.61,31.2,16.1,11.2,2.2,21.62,26.4,10,0,1
22.443448,103.145938,Lai Châu,7,north,0,2023-05-02,5,1,storm,2,4,5,1,22.41,32.6,14.7,75.8,11.1,8.7,11.8,19,0,1
9.610862,105.809886,Bạc Liêu,61,south,3,2023-12-30,12,1,flood,0,4,1,2,26.86,32.2,22.5,40.3,16.9,19.1,27.5,21,0,3
10.143397,105.563638,Cần Thơ,58,south,3,2021-10-22,10,2,flood,0,4,1,1,26.52,32.2,23.0,343.3,37.2,14.31,25.8,31,0,5
16.912814,106.716953,Quảng Trị,29,central,1,2022-12-26,12,1,flood,0,5,4,5,17.98,29.0,11.9,453.7,81.0,15.87,29.7,30,1,5
11.454138,106.578707,Bình Phước,45,south,3,2020-04-06,4,0,landslide,1,2,2,1,29.79,37.9,22.9,5.4,1.7,18.05,22.8,12,0,1
22.277304,103.778454,Lào Cai,3,north,0,2022-12-01,12,1,flood,0,4,5,2,14.18,19.8,7.3,63.0,11.9,7.52,13.7,20,0,3
14.475453,108.313794,Kon Tum,39,highlands,2,2022-10-23,10,2,landslide,1,3,4,2,20.96,27.8,15.9,304.9,78.5,14.31,26.9,27,3,5
21.463296,104.082142,Sơn La,6,north,0,2021-08-04,8,2,landslide,1,3,5,2,26.24,33.7,20.8,349.6,56.7,7.03,10.1,30,1,5
10.637995,106.673884,TP.HCM,44,south,3,2022-11-15,11,1,storm,2,4,1,2,26.55,31.6,21.7,257.7,27.8,13.4,21.3,29,0,2
10.536713,106.155699,Cần Thơ,58,south,3,2023-09-20,9,2,landslide,1,4,1,1,26.78,32.5,23.3,331.7,22.5,16.95,24.3,31,0,1
15.612104,107.762689,Đà Nẵng,31,central,1,2023-02-23,2,0,flood,0,4,2,4,18.89,30.3,10.2,178.2,42.3,9.82,15.3,28,0,3
15.645061,107.878286,Đà Nẵng,31,central,1,2021-05-04,5,1,storm,2,4,2,4,20.72,29.3,16.2,188.2,56.5,10.6,14.7,27,1,3
21.269812,105.091759,Vĩnh Phúc,16,north,0,2021-12-04,12,1,storm,2,2,1,2,18.26,27.3,10.4,45.1,12.3,9.41,21.6,10,0,2
8.823871,104.965858,Cà Mau,62,south,3,2023-03-17,3,0,storm,2,4,1,2,26.64,33.7,22.1,38.6,10.8,25.07,36.8,13,0,1
10.040017,105.886751,Trà Vinh,53,south,3,2023-06-05,6,2,flood,0,4,1,2,28.14,36.9,23.5,270.5,33.4,15.97,24.9,31,0,5
9.916626,105.813759,Cần Thơ,58,south,3,2023-12-12,12,1,flood,0,4,1,1,26.68,31.5,22.2,98.3,13.3,15.82,25.3,26,0,4
21.256679,105.442668,Hòa Bình,8,north,0,2021-01-18,1,0,flood,0,3,4,2,15.36,28.0,7.2,11.4,8.6,12.42,19.6,5,0,2
21.681529,105.651684,Tuyên Quang,13,north,0,2020-10-24,10,2,flood,0,3,3,2,23.52,30.4,14.6,270.1,83.0,11.13,14.3,20,1,4
9.868863,105.879533,Trà Vinh,53,south,3,2021-08-06,8,2,landslide,1,4,1,2,26.94,31.7,23.8,352.0,105.4,18.3,25.9,30,1,2
13.84363,108.298489,Gia Lai,40,highlands,2,2021-01-06,1,0,landslide,1,3,3,2,21.15,28.5,15.1,4.4,2.5,23.77,32.0,7,0,2
11.619366,108.881819,Ninh Thuận,37,central,1,2021-10-22,10,2,landslide,1,3,2,3,26.44,33.7,22.5,276.6,33.3,10.7,16.8,31,0,2
10.537714,106.711177,Bà Rịa-Vũng Tàu,49,south,3,2021-02-26,2,0,flood,0,3,1,2,25.49,32.8,19.0,9.7,3.1,17.0,22.2,13,0,1
21.418083,104.805145,Phú Thọ,15,north,0,2023-02-19,2,0,storm,2,3,2,2,17.92,33.7,7.3,57.9,12.1,9.52,17.9,19,0,1
22.663698,103.115754,Lai Châu,7,north,0,2023-07-28,7,2,landslide,1,4,5,1,27.53,37.0,21.5,313.3,43.6,6.67,9.7,29,0,5
9.751668,105.663845,Bạc Liêu,61,south,3,2021-09-03,9,2,landslide,1,4,1,2,26.72,31.6,23.1,311.0,40.9,15.3,24.2,31,0,1
22.391294,103.938171,Lào Cai,3,north,0,2021-07-09,7,2,flood,0,4,5,2,23.96,32.5,19.9,424.4,62.7,6.6,10.8,26,2,5
13.925969,109.584341,Bình Định,34,central,1,2022-02-17,2,0,flood,0,4,3,4,24.72,26.4,22.9,58.6,14.8,28.35,48.7,26,0,2
9.302582,106.246049,Sóc Trăng,60,south,3,2020-10-25,10,2,storm,2,4,1,2,27.15,30.3,25.5,475.7,43.4,28.6,49.4,31,0,2
18.356209,106.106384,Hà Tĩnh,27,central,1,2020-02-03,2,0,storm,2,5,3,5,20.75,27.2,13.6,119.9,35.9,18.93,36.8,25,0,3
10.269683,105.853365,Cần Thơ,58,south,3,2020-07-24,7,2,landslide,1,4,1,1,26.95,32.0,23.9,298.0,27.7,13.12,19.9,31,0,1
16.123625,108.406941,Đà Nẵng,31,central,1,2022-11-24,11,1,landslide,1,4,2,4,25.86,27.5,23.6,229.4,75.6,27.07,54.7,29,1,1
13.860677,108.034564,Gia Lai,40,highlands,2,2023-11-28,11,1,flood,0,3,3,2,22.27,28.0,15.6,42.3,9.3,21.64,29.6,21,0,2
10.167242,105.355774,Kiên Giang,57,south,3,2022-10-02,10,2,flood,0,4,1,2,26.39,32.3,23.0,349.0,28.6,18.62,25.5,31,0,5
13.441503,109.552378,Phú Yên,35,central,1,2022-05-26,5,1,storm,2,4,2,4,27.12,29.2,24.7,95.4,21.8,29.2,60.6,22,0,5
12.876557,109.079102,Phú Yên,35,central,1,2023-11-09,11,1,storm,2,4,2,4,25.08,31.2,22.4,244.1,21.2,13.8,16.9,31,0,3
15.692572,108.409945,Quảng Nam,32,central,1,2020-05-15,5,1,flood,0,5,4,5,27.38,35.9,20.7,50.3,17.7,18.25,25.7,10,0,4
10.983839,106.461931,TP.HCM,44,south,3,2020-05-18,5,1,landslide,1,4,1,2,29.78,36.2,24.1,38.8,11.0,15.27,18.9,25,0,1
18.735758,105.034137,Nghệ An,26,central,1,2022-05-06,5,1,storm,2,5,4,4,21.14,31.5,13.5,134.9,55.4,13.41,24.0,25,1,3
9.666252,106.308046,Sóc Trăng,60,south,3,2022-12-28,12,1,storm,2,4,1,2,25.79,30.9,19.6,53.5,15.0,18.01,28.1,27,0,2
21.1339,103.010559,Điện Biên,5,north,0,2022-09-30,9,2,flood,0,3,4,1,19.74,26.3,14.7,207.3,43.3,9.77,16.7,29,0,4
10.226215,105.775566,Đồng Tháp,55,south,3,2021-12-14,12,1,flood,0,5,1,1,25.5,31.2,18.0,229.9,31.2,13.26,22.5,21,0,4
18.12626,105.697935,Hà Tĩnh,27,central,1,2022-08-16,8,2,landslide,1,5,3,5,27.98,35.5,21.9,150.8,22.4,12.46,27.2,25,0,4
11.457539,106.438184,Bình Dương,47,south,3,2023-05-19,5,1,storm,2,3,1,1,29.22,36.1,24.5,126.6,23.3,14.08,21.9,27,0,1
21.458785,105.675882,Thái Nguyên,9,north,0,2020-03-02,3,0,flood,0,3,2,2,15.01,24.4,9.0,138.2,30.5,9.99,23.0,27,0,1
10.640868,106.254962,Bến Tre,52,south,3,2020-10-13,10,2,flood,0,4,1,2,26.4,32.0,23.1,498.4,50.1,14.57,26.1,31,1,5
21.440568,105.645959,Thái Nguyên,9,north,0,2022-05-29,5,1,landslide,1,3,2,2,19.68,26.3,12.6,514.1,69.0,10.03,18.3,25,4,3
22.212525,106.43395,Lạng Sơn,10,north,0,2023-10-11,10,2,flood,0,3,3,2,24.09,30.9,18.1,279.2,81.8,11.49,18.5,23,1,4
13.376663,109.321184,Phú Yên,35,central,1,2021-02-16,2,0,flood,0,4,2,4,22.45,26.3,18.3,41.4,9.3,25.13,38.7,21,0,2
17.446203,106.752569,Quảng Bình,28,central,1,2021-04-13,4,0,storm,2,5,4,5,24.8,33.8,17.3,71.7,15.2,19.39,37.8,21,0,2
11.779658,108.598741,Lâm Đồng,43,highlands,2,2021-09-22,9,2,landslide,1,3,4,2,19.05,24.4,15.0,408.9,46.7,12.71,30.2,31,0,5
20.924245,102.874897,Điện Biên,5,north,0,2020-10-20,10,2,landslide,1,3,4,1,20.94,28.2,13.1,194.4,21.6,10.05,17.8,24,0,5
15.097522,108.401317,Quảng Nam,32,central,1,2023-09-18,9,2,flood,0,5,4,5,27.48,36.0,23.0,296.9,29.3,7.11,11.4,31,0,5
17.467352,106.277467,Quảng Bình,28,central,1,2021-11-29,11,1,storm,2,5,4,5,20.12,29.2,14.1,275.2,37.5,15.1,23.6,29,0,4
17.310696,106.517227,Quảng Bình,28,central,1,2023-12-16,12,1,flood,0,5,4,5,21.4,29.0,16.2,300.8,65.7,15.47,28.5,27,1,5
10.850857,105.968745,Tây Ninh,46,south,3,2023-08-04,8,2,landslide,1,2,1,1,27.22,33.0,23.4,408.4,39.2,18.25,27.1,31,0,1
12.649808,108.648798,Phú Yên,35,central,1,2022-02-02,2,0,landslide,1,4,2,4,20.43,28.1,13.1,34.5,9.5,14.79,21.7,25,0,1
18.277386,105.423601,Hà Tĩnh,27,central,1,2023-12-04,12,1,landslide,1,5,3,5,19.31,27.7,12.2,732.7,120.0,7.06,11.8,27,6,3
20.522929,107.109216,Hải Phòng,1,north,0,2023-11-27,11,1,storm,2,4,1,3,24.76,27.6,20.1,41.5,16.9,29.45,53.2,16,0,2
17.597146,106.35034,Quảng Bình,28,central,1,2021-08-01,8,2,landslide,1,5,4,5,28.9,38.1,23.8,160.0,39.7,20.19,34.9,22,0,5
11.025154,106.466892,TP.HCM,44,south,3,2022-07-27,7,2,landslide,1,4,1,2,26.64,32.7,22.7,396.1,28.3,15.75,21.8,30,0,2
10.246566,106.633962,Tiền Giang,51,south,3,2022-02-14,2,0,storm,2,4,1,2,26.51,32.5,22.2,7.7,1.5,19.9,27.6,12,0,1
20.580336,106.689179,Thái Bình,21,north,0,2020-02-18,2,0,landslide,1,4,1,3,18.47,25.8,10.3,157.0,73.3,19.26,30.5,25,1,1
13.502985,109.644885,Bình Định,34,central,1,2021-02-03,2,0,storm,2,4,3,4,22.95,24.6,19.9,47.6,12.6,41.52,63.4,28,0,3
22.129122,103.376258,Lai Châu,7,north,0,2022-11-25,11,1,flood,0,4,5,1,22.66,30.2,15.4,54.8,21.0,5.56,10.2,10,0,3
21.233874,105.439258,Hà Nội,0,north,0,2023-02-20,2,0,flood,0,3,1,2,18.76,31.8,7.2,46.3,14.9,14.72,24.1,18,0,1
10.826629,106.766554,TP.HCM,44,south,3,2021-07-05,7,2,storm,2,4,1,2,27.84,33.1,24.0,254.6,23.8,15.49,23.1,30,0,3
11.860768,109.422985,Khánh Hòa,36,central,1,2020-06-23,6,2,landslide,1,4,2,4,28.86,30.4,26.6,18.9,9.1,29.76,46.7,15,0,2
20.547864,105.854856,Ninh Bình,24,north,0,2022-08-04,8,2,flood,0,4,2,2,28.26,36.7,23.5,196.6,25.8,12.97,19.1,23,0,5
21.586928,104.836087,Phú Thọ,15,north,0,2021-04-17,4,0,storm,2,3,2,2,20.15,28.2,10.1,256.3,50.3,9.25,16.8,30,1,1
9.721851,105.667778,Hậu Giang,59,south,3,2020-01-21,1,0,landslide,1,4,1,1,26.57,32.7,20.5,4.8,1.1,17.39,25.5,9,0,1
10.329342,106.817396,Tiền Giang,51,south,3,2023-12-05,12,1,landslide,1,4,1,2,26.95,31.2,21.9,92.9,15.5,19.14,29.0,23,0,1
9.312892,105.696332,Hậu Giang,59,south,3,2021-01-21,1,0,landslide,1,4,1,1,24.95,30.3,19.3,88.6,51.1,17.47,26.5,19,1,1
20.864743,104.167925,Sơn La,6,north,0,2021-07-29,7,2,flood,0,3,5,2,26.19,35.8,21.4,163.2,51.0,10.37,15.3,29,1,4
18.029092,105.765217,Hà Tĩnh,27,central,1,2023-08-31,8,2,flood,0,5,3,5,28.86,36.5,23.9,233.3,82.9,19.94,30.9,24,2,5
22.04672,104.540353,Yên Bái,4,north,0,2022-02-05,2,0,storm,2,4,4,2,15.55,24.9,9.1,116.6,31.1,8.88,12.0,25,0,1
21.10803,105.811934,Bắc Giang,17,north,0,2023-11-14,11,1,landslide,1,3,2,2,25.12,31.6,15.6,77.7,19.4,15.01,24.7,14,0,2
16.752211,107.48017,Quảng Trị,29,central,1,2023-08-01,8,2,flood,0,5,4,5,30.76,38.6,26.0,42.2,9.9,25.85,36.1,23,0,5
11.840848,107.088597,Bình Phước,45,south,3,2022-12-05,12,1,landslide,1,2,2,1,25.3,32.0,21.7,213.1,29.7,10.72,14.8,27,0,2
22.241772,103.609305,Lào Cai,3,north,0,2023-01-10,1,0,flood,0,4,5,2,11.83,19.9,3.7,62.8,32.7,5.35,8.4,14,0,2
22.855519,103.581913,Lai Châu,7,north,0,2021-07-12,7,2,storm,2,4,5,1,28.57,37.3,24.2,238.9,37.5,7.29,12.8,28,0,1
12.082918,108.746769,Lâm Đồng,43,highlands,2,2022-12-01,12,1,landslide,1,3,4,2,21.56,27.7,16.0,233.7,65.5,9.3,14.1,25,2,3
10.361946,106.824762,Tiền Giang,51,south,3,2023-11-13,11,1,landslide,1,4,1,2,27.17,30.9,23.6,235.6,30.8,17.12,25.3,31,0,1
22.929367,104.319322,Lào Cai,3,north,0,2021-02-05,2,0,landslide,1,4,5,2,8.75,16.8,-1.5,58.3,6.1,16.72,33.7,22,0,2
9.385313,105.533507,Cà Mau,62,south,3,2023-04-16,4,0,storm,2,4,1,2,27.95,35.0,22.1,84.1,32.6,15.68,21.6,21,0,1
20.731418,106.606686,Hải Dương,19,north,0,2022-10-05,10,2,storm,2,3,1,2,27.0,33.3,23.0,388.7,62.7,14.36,23.4,27,1,2
11.958138,107.206778,Bình Phước,45,south,3,2021-08-31,8,2,landslide,1,2,2,1,24.68,31.9,20.5,474.3,52.8,10.41,15.5,31,1,3
20.371142,106.219794,Nam Định,23,north,0,2020-07-09,7,2,storm,2,4,1,3,31.33,39.5,24.0,87.5,30.6,18.62,24.6,17,0,3
20.993509,105.198878,Hòa Bình,8,north,0,2020-11-26,11,1,flood,0,3,4,2,21.09,27.1,14.8,166.9,62.5,11.29,16.0,18,1,3
10.643796,106.799349,Tiền Giang,51,south,3,2021-04-01,4,0,landslide,1,4,1,2,28.22,35.3,22.5,7.9,1.7,19.36,25.2,17,0,1
16.869967,107.116689,Thừa Thiên Huế,30,central,1,2021-04-23,4,0,landslide,1,5,4,5,26.47,35.5,20.7,38.9,10.9,16.64,21.0,18,0,2
10.008532,105.535633,Cần Thơ,58,south,3,2020-09-08,9,2,storm,2,4,1,1,27.51,33.0,23.1,233.8,35.8,15.86,23.5,31,0,1
20.592604,106.033958,Ninh Bình,24,north,0,2022-07-22,7,2,landslide,1,4,2,2,29.16,37.0,24.5,255.0,34.4,14.95,21.4,28,0,3
10.329888,106.308,Bến Tre,52,south,3,2021-11-30,11,1,flood,0,4,1,2,26.05,32.0,22.5,392.6,38.6,13.2,19.9,30,0,4
12.872629,108.361706,Đắk Lắk,41,highlands,2,2020-07-02,7,2,flood,0,3,3,2,25.45,31.7,21.4,160.2,14.3,14.54,28.0,31,0,4
20.798944,106.217017,Thái Bình,21,north,0,2021-08-01,8,2,flood,0,4,1,3,29.24,37.0,25.0,288.5,80.0,14.59,24.7,30,1,5
13.42263,108.685672,Phú Yên,35,central,1,2020-12-20,12,1,landslide,1,4,2,4,22.18,28.8,16.0,75.5,24.4,17.19,25.5,21,0,2
10.919992,106.146422,Đồng Tháp,55,south,3,2021-12-09,12,1,landslide,1,5,1,1,25.67,31.6,18.1,328.4,54.9,13.33,19.0,23,1,1
10.321069,107.050448,Bà Rịa-Vũng Tàu,49,south,3,2021-03-08,3,0,flood,0,3,1,2,25.75,30.6,21.6,1.5,0.9,29.76,37.6,3,0,1
22.048156,106.020157,Thái Nguyên,9,north,0,2023-06-14,6,2,flood,0,3,2,2,27.31,36.6,19.6,125.2,21.9,12.87,17.6,27,0,4
13.863757,108.896918,Bình Định,34,central,1,2023-10-30,10,2,storm,2,4,3,4,25.23,32.0,21.9,390.1,31.8,10.79,15.7,31,0,5
9.534309,106.328232,Trà Vinh,53,south,3,2020-06-11,6,2,landslide,1,4,1,2,29.09,34.4,24.7,121.8,29.6,15.37,20.6,29,0,1
20.585102,105.962125,Hải Dương,19,north,0,2023-07-13,7,2,flood,0,3,1,2,29.67,36.2,23.9,227.5,55.9,14.08,20.2,24,1,4
18.795997,105.960653,Hà Tĩnh,27,central,1,2020-10-28,10,2,landslide,1,5,3,5,25.07,29.0,21.0,669.8,154.1,40.23,67.9,27,4,5
10.119006,106.658637,Tiền Giang,51,south,3,2022-11-20,11,1,flood,0,4,1,2,26.56,31.1,23.0,203.7,33.1,15.61,28.1,30,0,4
11.36702,106.468174,Bình Phước,45,south,3,2023-03-09,3,0,flood,0,2,2,1,27.3,34.3,20.0,6.6,1.5,16.37,27.3,9,0,1
10.776027,106.764516,Đồng Nai,48,south,3,2023-04-02,4,0,landslide,1,3,1,2,27.37,36.1,20.7,2.8,1.4,19.68,26.6,6,0,1
10.455668,106.147885,Vĩnh Long,54,south,3,2020-06-12,6,2,flood,0,4,1,1,28.52,37.0,24.3,238.5,40.0,12.06,16.6,30,0,5
13.807418,109.651893,Bình Định,34,central,1,2020-02-16,2,0,landslide,1,4,3,4,24.22,26.0,22.5,14.2,2.8,31.07,46.0,21,0,2
10.141617,106.730135,Bà Rịa-Vũng Tàu,49,south,3,2021-12-20,12,1,storm,2,3,1,2,26.05,29.5,21.3,115.8,32.3,19.09,30.7,21,0,2
11.4741,108.606873,Ninh Thuận,37,central,1,2021-11-04,11,1,flood,0,3,2,3,22.33,28.1,17.5,304.3,47.4,13.6,21.5,31,0,3
16.707684,107.535596,Quảng Trị,29,central,1,2023-12-20,12,1,flood,0,5,4,5,24.17,27.6,20.0,378.2,65.4,24.38,41.4,27,2,5
11.07638,107.531998,Đồng Nai,48,south,3,2021-06-25,6,2,storm,2,3,1,2,26.4,32.5,22.8,336.1,29.0,11.84,18.8,31,0,2
10.555925,105.340284,An Giang,56,south,3,2020-12-28,12,1,flood,0,5,1,1,26.33,32.4,21.5,88.6,21.5,15.67,26.0,23,0,4
22.723185,103.889911,Lai Châu,7,north,0,2020-09-01,9,2,storm,2,4,5,1,27.06,37.4,22.8,503.8,91.9,6.09,10.8,29,1,2
21.62238,106.594194,Lạng Sơn,10,north,0,2023-07-31,7,2,flood,0,3,3,2,27.85,33.7,22.1,177.5,52.7,15.16,26.0,29,1,4
22.322437,103.659036,Lai Châu,7,north,0,2023-02-04,2,0,landslide,1,4,5,1,14.89,24.8,5.8,9.0,3.1,6.53,11.0,9,0,3
11.164613,107.268958,Đồng Nai,48,south,3,2021-09-13,9,2,flood,0,3,1,2,26.24,31.1,23.6,446.3,46.4,13.62,23.6,30,0,4
22.457931,103.35037,Lai Châu,7,north,0,2021-08-17,8,2,storm,2,4,5,1,21.67,27.3,18.8,528.7,63.5,6.25,7.9,31,1,1
20.96332,106.503077,Hải Dương,19,north,0,2023-09-26,9,2,landslide,1,3,1,2,27.58,34.4,23.7,257.7,39.1,13.76,21.4,27,0,1
18.634152,105.983089,Hà Tĩnh,27,central,1,2020-10-27,10,2,flood,0,5,3,5,26.26,30.0,22.4,883.2,194.4,38.78,66.5,28,4,5
14.634943,107.626806,Kon Tum,39,highlands,2,2021-12-22,12,1,landslide,1,3,4,2,19.19,28.5,7.1,59.0,23.3,9.37,17.0,13,0,4
14.385252,108.367392,Kon Tum,39,highlands,2,2022-04-26,4,0,landslide,1,3,4,2,18.23,27.2,11.4,183.3,51.4,14.27,27.2,24,1,2
9.67575,106.352997,Sóc Trăng,60,south,3,2022-08-25,8,2,landslide,1,4,1,2,26.82,32.2,23.4,255.2,19.9,16.27,20.9,30,0,2
10.208968,106.01283,Cần Thơ,58,south,3,2023-05-19,5,1,storm,2,4,1,1,29.5,36.5,24.9,88.7,20.0,14.77,21.4,26,0,1
21.251331,105.602054,Hà Nội,0,north,0,2020-10-18,10,2,flood,0,3,1,2,25.43,31.3,18.5,522.3,84.2,12.95,18.4,25,3,5
21.024238,107.622489,Quảng Ninh,2,north,0,2022-10-01,10,2,landslide,1,3,2,3,28.05,32.1,23.9,414.9,70.9,18.42,40.2,26,2,3
20.425516,105.98832,Hà Nam,22,north,0,2021-04-18,4,0,landslide,1,3,1,2,23.78,33.0,13.9,78.4,20.0,16.97,25.6,24,0,1
18.78359,106.224732,Hà Tĩnh,27,central,1,2021-03-01,3,0,storm,2,5,3,5,20.32,23.0,17.5,46.5,34.2,23.18,46.0,14,0,3
9.946532,105.562797,Sóc Trăng,60,south,3,2021-06-04,6,2,storm,2,4,1,2,27.66,33.2,23.8,196.7,18.5,13.79,20.8,31,0,2
20.260166,106.44679,Ninh Bình,24,north,0,2021-08-03,8,2,storm,2,4,2,2,29.31,34.5,25.0,356.9,102.2,16.63,31.7,30,1,2
20.533585,106.106,Nam Định,23,north,0,2021-12-31,12,1,storm,2,4,1,3,18.09,27.0,10.4,12.4,3.4,13.78,20.3,13,0,3
20.630255,106.527916,Hải Dương,19,north,0,2020-11-13,11,1,landslide,1,3,1,2,22.57,29.5,17.1,143.7,56.5,17.11,38.0,15,1,1
16.827784,107.364937,Quảng Trị,29,central,1,2021-07-22,7,2,flood,0,5,4,5,31.15,39.4,24.8,56.6,22.7,22.36,33.1,23,0,5
21.468648,105.60984,Tuyên Quang,13,north,0,2022-12-24,12,1,storm,2,3,3,2,14.07,26.2,6.0,24.3,11.9,8.73,17.1,13,0,2
10.541451,106.718546,Long An,50,south,3,2022-09-24,9,2,flood,0,4,1,1,26.64,32.1,23.5,356.3,26.9,15.24,21.6,31,0,5
10.393018,106.092653,Cần Thơ,58,south,3,2021-01-13,1,0,landslide,1,4,1,1,25.88,32.9,19.0,49.9,10.6,12.79,20.5,22,0,1
15.088233,108.923717,Quảng Nam,32,central,1,2021-12-11,12,1,landslide,1,5,4,5,23.11,28.9,18.1,743.6,129.5,18.44,24.9,31,4,4
20.230446,106.823098,Thái Bình,21,north,0,2023-04-27,4,0,storm,2,4,1,3,23.65,27.0,19.8,34.7,15.6,30.15,41.4,14,0,1
20.163786,106.523309,Hưng Yên,20,north,0,2023-04-09,4,0,landslide,1,3,1,2,22.06,25.8,18.4,31.0,8.1,28.96,43.4,13,0,1
20.924865,105.245599,Phú Thọ,15,north,0,2023-08-10,8,2,flood,0,3,2,2,28.36,35.9,23.9,274.5,44.4,10.44,19.4,28,0,4
20.767032,105.561271,Hà Nội,0,north,0,2020-12-22,12,1,flood,0,3,1,2,16.41,27.4,8.4,32.0,8.3,10.84,17.3,14,0,3
13.865038,108.279707,Gia Lai,40,highlands,2,2022-07-19,7,2,landslide,1,3,3,2,23.19,30.1,19.1,284.9,34.0,15.01,23.1,31,0,4
10.201449,106.825441,Bà Rịa-Vũng Tàu,49,south,3,2022-01-14,1,0,flood,0,3,1,2,26.22,29.2,22.5,5.0,2.1,25.82,37.4,9,0,1
21.465757,106.369351,Bắc Giang,17,north,0,2023-12-31,12,1,storm,2,3,2,2,17.99,29.0,6.1,16.0,3.0,14.84,40.5,15,0,2
21.088894,105.157126,Vĩnh Phúc,16,north,0,2020-08-25,8,2,flood,0,2,1,2,27.46,37.0,23.4,645.4,121.8,9.66,17.3,31,4,3
14.469666,107.855531,Kon Tum,39,highlands,2,2023-10-06,10,2,flood,0,3,4,2,23.27,30.1,19.8,326.9,73.7,8.65,13.1,31,1,5
19.890788,105.682714,Ninh Bình,24,north,0,2023-01-17,1,0,landslide,1,4,2,2,17.22,32.7,9.4,36.4,13.5,14.67,24.6,14,0,1
9.041117,106.043287,Bạc Liêu,61,south,3,2023-09-24,9,2,storm,2,4,1,2,27.96,29.6,25.6,291.8,27.5,28.64,37.9,31,0,2
21.482253,103.390953,Điện Biên,5,north,0,2021-12-03,12,1,storm,2,3,4,1,15.59,25.1,4.8,21.4,8.9,7.19,12.0,17,0,1
11.156389,108.785618,Ninh Thuận,37,central,1,2021-05-03,5,1,flood,0,3,2,3,27.77,32.9,21.8,51.8,12.7,22.38,33.5,18,0,2
11.021171,104.998896,An Giang,56,south,3,2023-07-16,7,2,flood,0,5,1,1,27.8,34.3,23.2,278.5,33.1,15.02,24.8,30,0,5
19.379639,105.715538,Thanh Hóa,25,central,1,2021-11-13,11,1,landslide,1,5,3,4,21.33,29.5,14.4,313.1,55.6,17.2,29.6,19,2,3
20.514394,106.907672,Quảng Ninh,2,north,0,2022-06-01,6,2,landslide,1,3,2,3,25.65,28.9,20.6,177.3,26.9,24.91,41.9,21,0,2
20.961743,105.858576,Vĩnh Phúc,16,north,0,2023-10-24,10,2,flood,0,2,1,2,26.22,33.1,21.4,194.8,51.0,15.04,25.9,14,1,3
21.322584,104.485403,Yên Bái,4,north,0,2021-07-29,7,2,flood,0,4,4,2,17.81,23.6,13.7,238.0,30.3,9.23,16.1,29,0,5
12.472194,107.760673,Đắk Lắk,41,highlands,2,2023-11-22,11,1,storm,2,3,3,2,23.09,29.9,17.0,132.8,23.7,16.62,26.6,30,0,2
10.073031,105.916234,Sóc Trăng,60,south,3,2021-04-25,4,0,landslide,1,4,1,2,28.02,35.7,23.3,166.2,19.8,14.65,22.6,26,0,1
20.253976,106.41371,Ninh Bình,24,north,0,2023-11-08,11,1,landslide,1,4,2,2,25.45,31.5,20.1,75.2,46.1,17.6,26.7,16,0,2
9.551899,105.841511,Sóc Trăng,60,south,3,2021-11-07,11,1,storm,2,4,1,2,26.73,31.9,22.3,212.5,19.0,15.99,29.9,30,0,1
21.392385,104.766143,Tuyên Quang,13,north,0,2021-02-13,2,0,flood,0,3,3,2,17.34,23.5,8.1,107.2,29.4,9.26,17.8,19,0,2
20.329508,105.963342,Nam Định,23,north,0,2021-07-09,7,2,storm,2,4,1,3,30.3,37.8,24.8,206.7,43.8,15.34,23.0,18,0,4
16.896369,107.398241,Quảng Trị,29,central,1,2023-01-07,1,0,storm,2,5,4,5,22.09,25.5,19.0,163.3,32.6,33.84,61.6,27,0,3
20.276899,105.843507,Thanh Hóa,25,central,1,2023-12-18,12,1,flood,0,5,3,4,20.83,29.2,10.9,34.6,11.7,14.2,27.3,20,0,4
13.508599,108.94778,Phú Yên,35,central,1,2020-09-28,9,2,storm,2,4,2,4,26.42,33.5,21.0,226.2,52.5,10.67,17.0,31,1,5
21.704132,105.533896,Thái Nguyên,9,north,0,2022-12-03,12,1,flood,0,3,2,2,22.27,30.6,10.6,110.8,36.9,8.84,22.6,19,0,3
20.452049,105.846287,Hà Nam,22,north,0,2021-04-25,4,0,flood,0,3,1,2,24.97,33.4,18.2,90.8,19.0,15.97,20.7,27,0,2
10.670856,106.025188,Bến Tre,52,south,3,2023-05-11,5,1,storm,2,4,1,2,30.13,37.8,24.4,93.9,36.2,15.81,21.4,23,0,2
11.180636,106.427757,Tây Ninh,46,south,3,2023-03-26,3,0,flood,0,2,1,1,27.36,35.7,19.2,1.4,0.6,15.7,21.2,6,0,1
20.237036,106.402879,Hưng Yên,20,north,0,2023-01-06,1,0,storm,2,3,1,2,17.18,22.8,9.9,11.6,2.4,17.58,27.9,11,0,1
9.451509,106.663636,Trà Vinh,53,south,3,2020-02-28,2,0,storm,2,4,1,2,25.23,26.9,24.4,3.7,3.1,41.61,54.1,2,0,1
17.094885,106.753684,Quảng Trị,29,central,1,2020-02-10,2,0,landslide,1,5,4,5,20.85,29.0,14.6,80.8,17.8,15.52,22.9,19,0,2
19.442726,104.576741,Nghệ An,26,central,1,2020-12-24,12,1,storm,2,5,4,4,17.53,29.6,9.1,33.0,4.9,8.2,14.2,18,0,3
16.205673,107.209881,Thừa Thiên Huế,30,central,1,2022-09-16,9,2,landslide,1,5,4,5,23.87,29.9,19.4,198.3,42.2,12.16,18.4,31,0,5
19.279189,105.341481,Nghệ An,26,central,1,2023-01-27,1,0,storm,2,5,4,4,16.54,31.5,8.2,36.6,12.1,14.25,30.4,14,0,2
10.344247,106.563608,Bến Tre,52,south,3,2022-08-31,8,2,flood,0,4,1,2,26.67,32.7,22.9,281.2,28.7,15.64,26.3,31,0,5
21.42693,106.98498,Lạng Sơn,10,north,0,2023-02-03,2,0,storm,2,3,3,2,14.34,27.3,4.1,23.0,7.5,15.94,37.4,17,0,1
21.485716,105.360309,Thái Nguyên,9,north,0,2023-11-29,11,1,flood,0,3,2,2,21.92,30.6,13.1,54.9,21.9,11.82,17.8,16,0,3
9.309821,106.165161,Sóc Trăng,60,south,3,2021-07-19,7,2,flood,0,4,1,2,27.57,32.1,24.1,198.0,21.0,17.68,26.9,31,0,5
9.511959,106.199823,Trà Vinh,53,south,3,2023-08-12,8,2,storm,2,4,1,2,27.21,31.6,24.0,222.8,20.6,21.68,27.6,31,0,3
17.605141,106.152503,Quảng Bình,28,central,1,2021-05-15,5,1,flood,0,5,4,5,24.1,31.5,16.5,139.5,24.0,14.84,29.0,30,0,4
10.489599,106.320285,Bến Tre,52,south,3,2021-09-08,9,2,storm,2,4,1,2,26.42,32.3,23.4,363.6,32.8,12.95,20.5,30,0,3
19.327904,105.107989,Nghệ An,26,central,1,2022-01-28,1,0,flood,0,5,4,4,18.73,28.4,10.6,43.7,10.2,10.18,15.2,27,0,3
9.928419,105.497269,Vĩnh Long,54,south,3,2023-02-07,2,0,landslide,1,4,1,1,25.15,31.8,19.2,85.5,25.1,13.51,23.1,19,0,1
9.827945,105.339566,Cần Thơ,58,south,3,2023-04-11,4,0,landslide,1,4,1,1,27.98,35.2,21.5,32.7,10.1,15.13,19.3,18,0,1
12.300506,108.050559,Lâm Đồng,43,highlands,2,2023-11-14,11,1,storm,2,3,4,2,22.16,28.4,17.9,219.0,20.4,9.73,18.4,30,0,1
10.43237,106.174864,Bến Tre,52,south,3,2021-07-16,7,2,landslide,1,4,1,2,27.19,34.8,23.5,265.0,45.7,13.23,20.6,30,0,2
21.643811,106.529768,Bắc Giang,17,north,0,2021-08-21,8,2,storm,2,3,2,2,26.54,33.7,22.9,383.0,33.9,12.88,23.2,30,0,3
16.551482,106.972117,Quảng Trị,29,central,1,2020-12-12,12,1,storm,2,5,4,5,19.0,26.3,13.9,583.0,70.7,18.09,28.6,30,4,4
22.043308,105.572077,Bắc Kạn,12,north,0,2022-02-21,2,0,flood,0,3,4,2,13.78,23.4,5.8,176.5,37.2,11.86,22.5,26,0,2
14.183679,108.08401,Gia Lai,40,highlands,2,2023-07-02,7,2,flood,0,3,3,2,23.34,30.4,19.4,242.9,22.3,11.52,19.1,31,0,4
23.116911,105.231016,Hà Giang,14,north,0,2023-05-13,5,1,landslide,1,4,5,1,20.87,31.5,13.0,118.4,31.2,12.5,19.3,28,0,4
20.132794,106.372207,Hà Nam,22,north,0,2020-09-22,9,2,storm,2,3,1,2,28.92,33.7,24.1,217.3,54.7,15.86,32.8,30,1,3
10.996405,105.634426,Tây Ninh,46,south,3,2020-05-03,5,1,landslide,1,2,1,1,29.42,38.3,23.7,85.7,26.2,14.17,23.9,22,0,1
20.047742,105.910412,Nam Định,23,north,0,2022-06-17,6,2,flood,0,4,1,3,28.13,36.0,19.8,215.1,37.9,13.88,21.0,25,0,5
10.118485,105.153187,Hậu Giang,59,south,3,2020-11-21,11,1,storm,2,4,1,1,26.79,32.5,22.4,190.8,49.7,13.46,28.5,29,0,1
11.779682,108.098599,Lâm Đồng,43,highlands,2,2020-11-13,11,1,landslide,1,3,4,2,20.57,26.8,13.5,276.0,44.3,12.26,24.6,28,0,3
20.661697,105.733079,Nam Định,23,north,0,2023-11-22,11,1,flood,0,4,1,3,23.12,31.4,13.4,101.9,25.6,13.11,32.2,15,0,3
16.718323,107.55308,Quảng Trị,29,central,1,2021-01-03,1,0,flood,0,5,4,5,21.22,26.1,16.6,212.8,31.0,22.93,41.6,28,0,3
9.540178,106.020046,Hậu Giang,59,south,3,2020-01-02,1,0,storm,2,4,1,1,25.89,31.6,20.4,3.3,0.6,19.17,28.4,8,0,1
20.090398,106.042862,Nam Định,23,north,0,2023-12-18,12,1,storm,2,4,1,3,21.45,28.6,11.1,34.2,6.0,15.54,23.0,18,0,2
13.493911,109.218136,Bình Định,34,central,1,2022-07-22,7,2,landslide,1,4,3,4,28.6,37.6,23.8,251.9,30.8,16.03,24.8,28,0,4
20.973128,105.101466,Vĩnh Phúc,16,north,0,2023-11-27,11,1,landslide,1,2,1,2,20.13,30.0,11.8,124.3,49.2,8.66,24.2,20,0,1
20.537398,106.615168,Hải Phòng,1,north,0,2020-08-30,8,2,landslide,1,4,1,3,28.6,33.3,24.7,460.7,116.3,18.4,47.6,28,2,2
10.005808,105.624341,Vĩnh Long,54,south,3,2020-05-25,5,1,storm,2,4,1,1,30.06,38.0,25.1,96.0,21.8,14.03,22.0,26,0,1
10.950686,106.619128,Long An,50,south,3,2020-01-11,1,0,landslide,1,4,1,1,27.45,34.2,20.0,2.3,0.8,13.14,17.5,5,0,1
20.675888,107.337918,Quảng Ninh,2,north,0,2020-07-26,7,2,flood,0,3,2,3,30.02,31.1,27.7,55.0,12.3,32.35,41.8,15,0,3
22.409086,106.005381,Cao Bằng,11,north,0,2022-06-16,6,2,flood,0,3,4,2,23.29,30.1,15.0,425.6,86.9,12.13,19.5,30,1,4
16.499989,107.522487,Quảng Trị,29,central,1,2023-12-27,12,1,landslide,1,5,4,5,22.46,29.9,15.8,394.9,63.3,15.22,23.7,28,2,5
11.26641,108.759269,Ninh Thuận,37,central,1,2022-07-08,7,2,landslide,1,3,2,3,28.48,35.8,23.7,87.7,13.3,18.58,31.4,30,0,2
11.379284,106.276793,Tây Ninh,46,south,3,2020-07-21,7,2,storm,2,2,1,1,27.15,32.2,24.1,371.7,30.4,13.08,17.3,31,0,1
14.382633,107.934605,Gia Lai,40,highlands,2,2023-09-18,9,2,flood,0,3,3,2,24.45,30.9,21.0,258.4,27.0,10.79,16.2,31,0,4
16.48836,108.372148,Đà Nẵng,31,central,1,2022-07-16,7,2,flood,0,4,2,4,28.85,31.2,26.0,89.5,20.5,24.62,37.0,15,0,5
18.152655,105.882971,Hà Tĩnh,27,central,1,2020-09-20,9,2,flood,0,5,3,5,28.89,36.3,22.3,315.9,175.0,14.36,36.4,25,1,5
10.598696,106.767824,Bến Tre,52,south,3,2020-03-31,3,0,flood,0,4,1,2,28.11,35.4,24.0,6.9,2.2,19.74,26.0,13,0,2
21.133574,107.157947,Quảng Ninh,2,north,0,2020-07-11,7,2,flood,0,3,2,3,24.4,30.7,20.7,251.8,61.4,14.52,17.7,30,1,4
21.254924,102.819358,Điện Biên,5,north,0,2020-08-03,8,2,storm,2,3,4,1,26.85,34.3,22.7,357.8,47.0,9.1,14.9,31,0,1
9.178302,105.477544,Cà Mau,62,south,3,2020-06-13,6,2,flood,0,4,1,2,28.56,36.4,24.0,327.6,31.1,14.93,22.6,31,0,5
19.683298,106.090278,Thanh Hóa,25,central,1,2021-09-03,9,2,flood,0,5,3,4,30.27,33.5,26.0,89.5,15.9,27.04,37.9,17,0,5
17.073586,106.928223,Quảng Trị,29,central,1,2021-12-01,12,1,flood,0,5,4,5,23.11,30.4,16.9,226.5,47.4,18.38,28.9,29,0,4
21.890374,106.241491,Bắc Kạn,12,north,0,2022-03-05,3,0,storm,2,3,4,2,12.8,23.0,4.5,148.8,42.1,15.89,27.5,19,0,1
21.820789,106.757183,Lạng Sơn,10,north,0,2021-08-08,8,2,landslide,1,3,3,2,27.46,34.3,22.7,197.2,33.2,12.94,22.9,26,0,4
10.255253,105.719994,Vĩnh Long,54,south,3,2020-05-28,5,1,storm,2,4,1,1,30.11,38.2,25.0,101.0,25.1,13.77,19.8,22,0,1
21.361025,105.919791,Vĩnh Phúc,16,north,0,2022-10-28,10,2,flood,0,2,1,2,24.11,31.6,16.8,213.5,39.9,13.59,24.2,19,0,3
8.842238,105.722805,Bạc Liêu,61,south,3,2021-06-05,6,2,landslide,1,4,1,2,28.68,31.2,26.6,188.7,21.4,21.49,37.6,29,0,1
20.972116,106.029533,Bắc Ninh,18,north,0,2021-05-10,5,1,landslide,1,2,1,2,25.53,34.0,18.2,157.4,46.6,16.08,21.2,26,0,1
17.300966,107.487725,Quảng Trị,29,central,1,2023-01-28,1,0,landslide,1,5,4,5,21.46,25.0,17.9,151.4,21.2,34.19,60.6,26,0,2
10.416157,106.145416,Long An,50,south,3,2022-11-23,11,1,storm,2,4,1,1,26.13,32.0,22.0,254.7,32.3,11.88,17.3,28,0,1
16.91665,107.962675,Thừa Thiên Huế,30,central,1,2022-06-22,6,2,flood,0,5,4,5,29.27,31.6,27.0,4.4,2.6,24.94,33.8,6,0,5
21.722539,103.580754,Sơn La,6,north,0,2023-01-07,1,0,landslide,1,3,5,2,14.63,23.0,7.2,39.1,13.7,7.63,14.0,18,0,2
22.462052,105.357185,Bắc Kạn,12,north,0,2023-02-22,2,0,storm,2,3,4,2,16.17,28.6,4.0,165.6,52.5,8.3,15.0,19,1,1
21.429644,105.788372,Vĩnh Phúc,16,north,0,2023-12-02,12,1,landslide,1,2,1,2,22.08,31.2,13.2,55.7,14.3,11.81,28.4,16,0,1
14.208352,108.252136,Kon Tum,39,highlands,2,2020-03-29,3,0,landslide,1,3,4,2,23.14,34.8,15.1,6.2,1.5,13.39,17.8,13,0,2
15.903969,108.155529,Quảng Nam,32,central,1,2020-02-21,2,0,flood,0,5,4,5,21.84,33.0,16.2,114.1,26.3,11.4,16.9,20,0,3
12.762378,107.246082,Đắk Nông,42,highlands,2,2021-04-12,4,0,flood,0,3,4,2,27.68,35.8,19.2,21.6,5.5,16.06,32.4,13,0,2
10.937504,105.97298,Tiền Giang,51,south,3,2021-05-16,5,1,storm,2,4,1,2,28.1,34.3,23.8,204.1,25.6,12.72,17.6,31,0,1
9.488181,105.308433,Bạc Liêu,61,south,3,2021-06-16,6,2,storm,2,4,1,2,27.36,33.5,24.3,296.0,30.9,15.46,23.6,31,0,3
22.205694,106.171628,Cao Bằng,11,north,0,2020-07-31,7,2,storm,2,3,4,2,26.87,32.7,23.0,182.0,25.9,14.11,19.0,30,0,3
21.384685,105.653018,Vĩnh Phúc,16,north,0,2023-10-23,10,2,flood,0,2,1,2,25.95,32.7,20.3,169.2,46.4,11.54,21.2,13,0,3
12.852441,108.411976,Đắk Lắk,41,highlands,2,2023-09-13,9,2,storm,2,3,3,2,25.04,30.5,21.8,214.9,41.6,19.84,25.2,30,0,2
20.538159,106.328989,Thái Bình,21,north,0,2022-12-29,12,1,flood,0,4,1,3,17.35,29.6,9.6,20.8,11.4,15.16,23.0,12,0,3
9.845274,105.975366,Hậu Giang,59,south,3,2022-09-03,9,2,flood,0,4,1,1,26.59,32.2,22.9,289.3,25.9,16.48,21.9,31,0,5
19.53952,106.194981,Thanh Hóa,25,central,1,2023-04-03,4,0,storm,2,5,3,4,22.17,27.7,18.6,31.0,16.9,26.76,45.8,9,0,3
12.464201,107.56498,Đắk Nông,42,highlands,2,2023-01-03,1,0,flood,0,3,4,2,19.65,26.2,14.1,23.0,4.6,22.04,33.1,19,0,1
10.123261,105.858086,Tiền Giang,51,south,3,2021-03-23,3,0,landslide,1,4,1,2,27.38,35.5,20.2,5.6,1.6,16.64,24.4,14,0,1
15.484047,108.347587,Quảng Ngãi,33,central,1,2021-05-13,5,1,landslide,1,5,3,4,28.22,38.0,21.5,42.7,11.5,14.28,19.5,27,0,3
10.091939,104.982656,Kiên Giang,57,south,3,2021-08-04,8,2,flood,0,4,1,2,27.34,30.5,23.6,376.7,79.5,21.63,28.0,31,1,5
21.279673,105.940578,Vĩnh Phúc,16,north,0,2022-12-09,12,1,storm,2,2,1,2,22.16,31.5,10.6,83.2,27.1,13.21,20.7,22,0,1
9.428215,105.455949,Cà Mau,62,south,3,2021-01-26,1,0,storm,2,4,1,2,24.92,31.5,18.5,45.4,15.7,14.37,21.9,15,0,1
20.543271,105.423499,Hòa Bình,8,north,0,2023-04-19,4,0,storm,2,3,4,2,23.84,35.0,16.9,108.0,51.9,10.45,14.7,23,1,1
22.93932,103.944654,Lào Cai,3,north,0,2020-06-05,6,2,landslide,1,4,5,2,23.82,31.6,18.6,299.2,40.1,7.75,11.3,26,0,5
22.246087,102.978849,Lai Châu,7,north,0,2021-12-13,12,1,flood,0,4,5,1,12.39,21.7,4.8,55.2,18.6,6.64,9.3,12,0,3
19.77863,106.041355,Thanh Hóa,25,central,1,2023-05-17,5,1,storm,2,5,3,4,26.04,30.5,21.7,64.7,16.7,31.63,44.0,16,0,3
8.851092,104.939122,Cà Mau,62,south,3,2023-07-20,7,2,flood,0,4,1,2,27.68,31.9,24.5,425.1,68.0,19.4,29.2,31,1,5
22.853146,103.848644,Lai Châu,7,north,0,2020-04-20,4,0,flood,0,4,5,1,19.87,30.7,10.5,148.8,35.3,7.68,10.5,29,0,2
9.156293,106.328176,Sóc Trăng,60,south,3,2021-07-04,7,2,storm,2,4,1,2,28.59,30.2,26.6,122.2,10.3,27.64,38.6,28,0,2
10.542513,105.585574,An Giang,56,south,3,2020-12-14,12,1,landslide,1,5,1,1,26.7,32.8,21.0,128.6,27.3,12.88,20.8,25,0,1
10.866181,106.763553,Tiền Giang,51,south,3,2023-12-18,12,1,flood,0,4,1,2,27.05,33.8,21.5,40.8,8.7,12.16,16.1,21,0,3
17.939505,105.781573,Hà Tĩnh,27,central,1,2022-09-16,9,2,storm,2,5,3,5,27.23,34.9,20.9,206.8,40.5,11.09,17.5,28,0,5
12.142458,106.515099,Bình Phước,45,south,3,2020-06-15,6,2,storm,2,2,2,1,27.38,34.8,22.8,310.6,32.2,10.59,15.6,31,0,2
9.253791,106.115034,Sóc Trăng,60,south,3,2020-02-05,2,0,storm,2,4,1,2,25.85,29.6,23.7,1.7,0.8,26.08,33.6,5,0,1
20.623176,106.139147,Hưng Yên,20,north,0,2022-01-01,1,0,landslide,1,3,1,2,18.1,26.4,9.9,12.7,3.1,13.88,21.1,14,0,1
21.642812,104.839745,Yên Bái,4,north,0,2023-06-15,6,2,storm,2,4,4,2,28.05,35.5,22.9,341.6,36.7,8.93,14.2,25,0,2
21.381712,105.685417,Phú Thọ,15,north,0,2020-06-27,6,2,landslide,1,3,2,2,29.52,36.4,23.3,179.0,38.0,12.48,17.8,27,0,2
10.463221,104.838122,An Giang,56,south,3,2023-05-01,5,1,flood,0,5,1,1,29.14,36.1,23.2,101.4,20.6,14.94,22.1,29,0,4
22.022536,106.525964,Lạng Sơn,10,north,0,2021-04-23,4,0,storm,2,3,3,2,22.24,32.3,11.9,149.4,67.4,16.4,23.7,27,1,1
12.481842,108.83609,Khánh Hòa,36,central,1,2020-10-23,10,2,flood,0,4,2,4,24.12,30.1,19.9,464.0,77.6,9.76,17.6,30,1,5
12.572947,109.076367,Khánh Hòa,36,central,1,2022-02-28,2,0,landslide,1,4,2,4,24.4,31.0,19.9,41.7,5.6,15.97,23.6,23,0,1
11.908087,106.687016,Bình Phước,45,south,3,2022-03-14,3,0,landslide,1,2,2,1,28.0,38.9,20.5,29.7,8.3,14.19,23.2,18,0,1
9.757146,105.938531,Bến Tre,52,south,3,2020-06-20,6,2,storm,2,4,1,2,27.66,34.2,24.0,324.4,26.4,12.66,18.4,30,0,2
17.449932,106.705764,Quảng Bình,28,central,1,2021-04-06,4,0,flood,0,5,4,5,24.39,33.8,17.3,66.7,15.2,19.24,37.8,22,0,3
22.217489,105.740847,Bắc Kạn,12,north,0,2021-07-17,7,2,flood,0,3,4,2,25.42,33.2,21.2,222.9,34.4,10.5,13.8,29,0,4
22.547881,105.401565,Bắc Kạn,12,north,0,2022-05-23,5,1,landslide,1,3,4,2,22.65,32.7,14.1,286.7,47.1,9.13,15.2,26,0,4
20.499609,106.467255,Hải Phòng,1,north,0,2020-06-30,6,2,flood,0,4,1,3,30.94,36.3,25.1,69.5,36.8,20.79,26.6,15,0,5
20.801688,106.083258,Nam Định,23,north,0,2022-04-30,4,0,storm,2,4,1,3,23.25,34.9,13.0,102.3,37.4,16.78,27.8,17,0,2
22.001062,104.177306,Lào Cai,3,north,0,2022-06-04,6,2,flood,0,4,5,2,19.82,27.2,12.6,381.7,58.1,8.76,18.0,31,1,5
19.959117,106.605846,Thái Bình,21,north,0,2021-07-02,7,2,storm,2,4,1,3,30.01,32.5,26.2,122.7,59.0,31.62,51.6,11,1,4
14.350652,107.96113,Kon Tum,39,highlands,2,2020-03-21,3,0,landslide,1,3,4,2,24.77,36.2,12.9,2.6,1.9,18.16,26.3,5,0,2
10.191436,106.116309,Đồng Tháp,55,south,3,2023-02-20,2,0,flood,0,5,1,1,26.0,31.7,20.2,51.8,36.3,15.39,22.3,16,0,2
10.180014,106.828295,Tiền Giang,51,south,3,2023-09-15,9,2,flood,0,4,1,2,27.07,32.3,24.5,271.3,19.6,20.24,28.6,31,0,5
22.911296,104.781839,Hà Giang,14,north,0,2023-07-10,7,2,storm,2,4,5,1,21.9,27.5,16.7,270.3,39.2,6.61,10.2,29,0,1
12.318021,107.483898,Đắk Nông,42,highlands,2,2020-08-06,8,2,flood,0,3,4,2,22.05,28.3,18.0,437.4,34.9,12.8,26.7,31,0,5
21.875128,105.534188,Tuyên Quang,13,north,0,2021-07-27,7,2,landslide,1,3,3,2,27.28,33.8,23.0,265.8,42.7,9.9,17.3,30,0,4
11.531776,106.269587,Tây Ninh,46,south,3,2021-11-16,11,1,storm,2,2,1,1,26.67,31.5,23.6,229.9,30.7,13.55,21.1,29,0,1
21.53039,106.027516,Vĩnh Phúc,16,north,0,2023-11-12,11,1,storm,2,2,1,2,24.85,31.5,18.6,57.6,20.2,12.23,22.6,17,0,1
10.920567,106.639118,TP.HCM,44,south,3,2023-08-08,8,2,flood,0,4,1,2,26.89,32.7,23.6,476.6,38.4,17.7,25.0,31,0,5
21.091094,102.753323,Điện Biên,5,north,0,2023-12-25,12,1,landslide,1,3,4,1,18.19,27.1,5.7,17.5,4.8,9.38,13.5,13,0,3
20.851801,107.713574,Quảng Ninh,2,north,0,2021-09-27,9,2,flood,0,3,2,3,28.59,31.8,25.6,382.2,48.2,22.76,42.0,30,0,5
20.674548,105.20819,Hòa Bình,8,north,0,2020-10-13,10,2,flood,0,3,4,2,24.43,30.5,17.5,340.4,41.7,9.66,18.1,28,0,4
10.665197,105.201395,Đồng Tháp,55,south,3,2020-08-11,8,2,landslide,1,5,1,1,27.26,32.7,23.6,317.5,33.7,15.22,24.6,31,0,2
15.718292,108.181935,Đà Nẵng,31,central,1,2022-10-20,10,2,storm,2,4,2,4,22.39,29.5,17.3,985.9,337.9,13.02,25.1,28,5,5
10.691127,106.714899,Đồng Nai,48,south,3,2020-09-27,9,2,flood,0,3,1,2,27.52,32.8,23.8,296.0,35.1,14.71,24.7,31,0,4
20.451191,106.50824,Hải Phòng,1,north,0,2020-08-29,8,2,flood,0,4,1,3,28.4,34.3,24.1,433.5,80.0,14.87,35.4,29,3,5
16.727667,106.623474,Quảng Trị,29,central,1,2021-12-13,12,1,landslide,1,5,4,5,17.25,25.0,12.4,106.5,17.1,23.4,31.8,26,0,3
20.587198,106.381676,Hải Dương,19,north,0,2021-08-29,8,2,flood,0,3,1,2,29.59,35.8,24.2,210.0,24.8,14.22,19.0,25,0,4
22.846192,103.676074,Lào Cai,3,north,0,2022-02-07,2,0,storm,2,4,5,2,11.62,23.1,5.0,71.2,26.0,7.23,9.9,26,0,1
11.883461,109.321609,Ninh Thuận,37,central,1,2020-01-25,1,0,landslide,1,3,2,3,24.48,28.4,18.7,30.1,8.5,27.26,34.2,17,0,1
10.056502,106.30253,Vĩnh Long,54,south,3,2023-04-30,4,0,landslide,1,4,1,1,28.76,35.0,23.4,95.5,41.3,14.5,21.6,28,0,1
11.568339,105.831143,Tây Ninh,46,south,3,2022-09-12,9,2,storm,2,2,1,1,26.4,32.8,22.6,414.3,31.9,11.45,16.3,30,0,2
21.37386,103.648281,Sơn La,6,north,0,2023-09-19,9,2,flood,0,3,5,2,22.14,27.9,17.8,173.3,18.6,8.6,13.5,27,0,4
22.791599,106.425372,Cao Bằng,11,north,0,2022-08-26,8,2,storm,2,3,4,2,25.47,32.7,21.3,202.7,30.7,14.67,33.0,29,0,3
15.578895,107.942647,Đà Nẵng,31,central,1,2021-02-23,2,0,landslide,1,4,2,4,19.89,26.0,12.6,62.7,10.8,9.92,14.1,20,0,1
20.749966,106.794455,Hải Phòng,1,north,0,2021-11-21,11,1,storm,2,4,1,3,22.19,27.9,14.3,57.1,25.5,16.44,32.5,17,0,2
16.91051,107.467558,Thừa Thiên Huế,30,central,1,2022-10-03,10,2,landslide,1,5,4,5,28.35,31.1,25.4,397.5,86.8,25.88,66.6,27,2,5
21.638876,105.61359,Tuyên Quang,13,north,0,2023-07-02,7,2,storm,2,3,3,2,28.18,35.4,23.1,352.3,53.6,12.38,19.1,30,1,2
11.793697,106.665976,Bình Dương,47,south,3,2021-03-28,3,0,landslide,1,3,1,1,28.48,36.5,20.1,11.8,5.4,15.1,22.3,17,0,1
15.239236,108.941543,Quảng Ngãi,33,central,1,2022-10-23,10,2,storm,2,5,3,4,25.55,31.5,21.0,873.8,236.2,20.95,40.1,29,5,5
21.970651,104.71316,Yên Bái,4,north,0,2021-07-18,7,2,storm,2,4,4,2,26.13,35.2,21.9,330.3,67.4,8.28,12.3,25,1,3
10.330895,106.001571,Trà Vinh,53,south,3,2022-01-18,1,0,storm,2,4,1,2,26.48,33.1,20.6,23.4,7.7,13.88,21.1,16,0,1
21.453182,106.625032,Lạng Sơn,10,north,0,2022-04-13,4,0,flood,0,3,3,2,21.73,32.4,11.6,52.1,12.9,16.3,37.8,19,0,1
12.76309,108.743858,Phú Yên,35,central,1,2021-08-15,8,2,storm,2,4,2,4,27.13,34.5,21.0,76.9,12.9,24.74,31.5,28,0,5
11.821909,106.03799,Tây Ninh,46,south,3,2020-04-02,4,0,landslide,1,2,1,1,29.46,36.7,23.2,9.3,2.3,16.48,20.2,15,0,1
11.342695,108.065193,Bình Thuận,38,central,1,2022-06-13,6,2,flood,0,3,2,3,22.89,29.5,18.6,230.0,16.3,12.58,20.8,30,0,3
9.396319,105.47541,Sóc Trăng,60,south,3,2020-04-11,4,0,storm,2,4,1,2,28.77,35.3,23.7,14.6,2.4,18.25,25.3,21,0,1
20.79679,105.964451,Hà Nội,0,north,0,2021-11-06,11,1,landslide,1,3,1,2,22.82,32.2,16.8,478.8,106.3,18.13,31.6,22,3,1
22.873856,106.502589,Cao Bằng,11,north,0,2023-08-13,8,2,landslide,1,3,4,2,25.43,32.3,20.5,299.6,74.9,13.8,33.7,27,1,5
11.412252,105.785516,Tây Ninh,46,south,3,2023-09-28,9,2,flood,0,2,1,1,26.58,31.9,23.5,457.8,29.1,14.42,19.6,31,0,3
21.910922,104.586431,Yên Bái,4,north,0,2022-12-24,12,1,flood,0,4,4,2,16.86,28.6,7.7,45.7,27.3,8.71,15.2,16,0,3
19.985977,105.302462,Thanh Hóa,25,central,1,2022-02-05,2,0,storm,2,5,3,4,17.32,26.1,10.0,106.6,14.8,9.71,14.3,26,0,2
9.939559,105.865401,Hậu Giang,59,south,3,2022-04-14,4,0,storm,2,4,1,1,27.32,34.3,23.1,213.5,35.3,14.32,19.6,31,0,1
21.643324,105.714237,Vĩnh Phúc,16,north,0,2022-07-16,7,2,storm,2,2,1,2,28.53,35.3,23.4,197.1,27.8,11.85,16.6,26,0,3
11.316065,107.050668,Bình Phước,45,south,3,2023-05-30,5,1,landslide,1,2,2,1,28.0,35.9,23.6,251.4,25.9,11.91,19.4,29,0,2
21.024841,105.391035,Hà Nội,0,north,0,2022-04-22,4,0,storm,2,3,1,2,19.08,32.4,9.7,82.6,31.0,10.78,16.4,15,0,1
11.195224,106.96952,Bình Dương,47,south,3,2022-04-14,4,0,flood,0,3,1,1,27.17,35.5,21.1,158.6,20.8,12.4,21.1,28,0,2
9.986413,106.052732,Trà Vinh,53,south,3,2020-10-15,10,2,landslide,1,4,1,2,26.09,31.9,23.5,561.2,64.9,15.17,26.0,31,2,1
17.472394,106.136888,Quảng Bình,28,central,1,2020-04-05,4,0,storm,2,5,4,5,24.14,33.9,16.4,78.0,12.0,16.08,26.8,26,0,3
21.510926,104.168873,Sơn La,6,north,0,2020-05-29,5,1,flood,0,3,5,2,19.02,24.7,10.1,261.1,29.9,11.83,17.3,31,0,3
20.943252,105.311544,Phú Thọ,15,north,0,2020-08-11,8,2,landslide,1,3,2,2,29.74,38.2,25.0,392.6,154.5,12.01,22.2,28,2,3
21.102455,105.885121,Hà Nội,0,north,0,2021-12-24,12,1,landslide,1,3,1,2,18.54,25.5,10.4,6.3,1.6,13.3,24.3,10,0,1
21.628839,105.869373,Bắc Ninh,18,north,0,2021-11-15,11,1,flood,0,2,1,2,21.36,29.8,13.4,146.3,45.2,10.33,16.4,20,0,1
11.392729,109.406199,Ninh Thuận,37,central,1,2020-06-29,6,2,landslide,1,3,2,3,28.64,30.5,26.5,84.1,14.3,27.25,42.8,29,0,3
15.379163,108.428979,Quảng Nam,32,central,1,2022-07-28,7,2,flood,0,5,4,5,26.27,33.5,22.0,294.3,32.8,8.83,13.0,31,0,5
11.913839,107.126473,Đắk Nông,42,highlands,2,2020-03-27,3,0,flood,0,3,4,2,27.04,35.5,20.0,12.4,3.6,12.32,16.3,18,0,2
10.284151,106.279252,Bến Tre,52,south,3,2022-05-01,5,1,storm,2,4,1,2,27.16,34.5,22.4,240.9,35.2,12.28,18.9,30,0,2
21.813025,105.010114,Tuyên Quang,13,north,0,2022-04-13,4,0,storm,2,3,3,2,22.56,31.4,13.5,111.2,40.2,12.01,17.8,22,0,1
10.865595,106.32608,Tiền Giang,51,south,3,2020-12-09,12,1,storm,2,4,1,2,26.68,33.0,21.3,71.3,10.0,13.23,22.1,23,0,2
19.603612,105.565774,Thanh Hóa,25,central,1,2020-08-04,8,2,storm,2,5,3,4,30.6,41.0,24.3,233.4,72.5,15.23,26.2,26,2,5
9.830546,106.726548,Bến Tre,52,south,3,2021-07-19,7,2,landslide,1,4,1,2,27.7,31.8,25.1,192.5,16.5,19.02,25.2,31,0,1
13.567813,108.036694,Gia Lai,40,highlands,2,2023-12-17,12,1,landslide,1,3,3,2,24.25,31.9,18.3,4.0,0.7,25.39,32.7,10,0,2
21.507257,106.581444,Bắc Giang,17,north,0,2023-06-26,6,2,landslide,1,3,2,2,28.09,37.7,22.5,448.5,57.1,12.8,18.0,27,2,3
20.542903,106.028033,Hà Nam,22,north,0,2021-02-06,2,0,flood,0,3,1,2,16.54,25.6,7.4,20.5,6.7,14.93,27.5,15,0,1
9.781349,105.598231,Sóc Trăng,60,south,3,2022-10-01,10,2,storm,2,4,1,2,26.07,32.2,22.3,404.9,28.2,17.42,25.9,31,0,2
10.047655,105.828589,Đồng Tháp,55,south,3,2021-03-30,3,0,landslide,1,5,1,1,28.01,35.0,22.4,7.4,1.8,18.74,25.5,12,0,1
10.387637,105.362053,Kiên Giang,57,south,3,2023-09-27,9,2,flood,0,4,1,2,26.87,32.3,23.6,375.4,37.1,18.3,26.3,31,0,5
19.532874,104.515688,Nghệ An,26,central,1,2021-12-16,12,1,landslide,1,5,4,4,16.57,27.9,7.2,11.8,3.4,9.59,13.7,16,0,3
21.213246,103.449579,Điện Biên,5,north,0,2023-05-17,5,1,storm,2,3,4,1,26.23,37.5,18.2,101.3,17.1,13.54,18.1,20,0,1
22.13102,104.94767,Tuyên Quang,13,north,0,2023-02-26,2,0,flood,0,3,3,2,18.27,30.2,6.1,79.7,25.9,9.98,14.1,19,0,1
15.00159,108.72822,Quảng Ngãi,33,central,1,2020-07-08,7,2,landslide,1,5,3,4,29.96,37.9,24.5,126.0,27.0,10.32,13.4,31,0,4
11.291181,108.002829,Bình Thuận,38,central,1,2022-08-28,8,2,storm,2,3,2,3,24.08,31.1,18.8,162.6,15.8,14.02,21.7,31,0,4
21.10024,105.542468,Phú Thọ,15,north,0,2023-03-04,3,0,flood,0,3,2,2,19.99,31.7,11.0,56.9,18.1,15.72,24.0,21,0,2
9.837976,106.47633,Trà Vinh,53,south,3,2021-10-20,10,2,storm,2,4,1,2,26.68,31.5,23.7,307.5,26.9,16.21,27.7,31,0,2
11.849861,108.524257,Lâm Đồng,43,highlands,2,2021-11-25,11,1,flood,0,3,4,2,18.38,23.2,14.5,234.2,43.7,17.87,28.7,30,0,2
21.391149,107.234359,Quảng Ninh,2,north,0,2022-06-30,6,2,landslide,1,3,2,3,27.32,34.6,22.7,327.9,44.5,11.02,14.3,31,0,3
14.087919,109.279803,Bình Định,34,central,1,2020-07-19,7,2,storm,2,4,3,4,29.56,34.1,26.3,22.2,8.9,19.92,26.9,17,0,5
10.464167,106.749128,Bà Rịa-Vũng Tàu,49,south,3,2023-01-18,1,0,storm,2,3,1,2,25.15,31.7,18.9,102.5,25.1,13.62,24.1,24,0,1
12.532512,107.921259,Đắk Lắk,41,highlands,2,2020-04-02,4,0,storm,2,3,3,2,27.37,36.8,18.8,2.6,1.2,18.29,24.9,6,0,1
10.434139,105.211388,Kiên Giang,57,south,3,2020-03-16,3,0,flood,0,4,1,2,28.27,36.7,20.7,23.1,13.2,15.71,19.2,8,0,2
16.635133,107.144963,Thừa Thiên Huế,30,central,1,2020-01-11,1,0,landslide,1,5,4,5,21.12,26.8,16.6,109.1,31.3,15.9,22.3,24,0,2
22.974892,105.325745,Hà Giang,14,north,0,2021-09-29,9,2,landslide,1,4,5,1,24.02,31.0,20.2,173.5,16.7,7.34,10.5,30,0,5
9.813539,105.924555,Sóc Trăng,60,south,3,2022-07-19,7,2,landslide,1,4,1,2,26.53,32.0,23.0,357.4,30.2,17.8,27.4,31,0,1
10.932602,106.314007,TP.HCM,44,south,3,2021-03-27,3,0,storm,2,4,1,2,28.42,36.3,21.1,10.3,3.0,17.63,24.4,17,0,1
20.87296,106.550689,Nam Định,23,north,0,2022-05-03,5,1,storm,2,4,1,3,23.06,33.2,12.5,206.9,161.8,16.46,23.5,16,1,3
21.129284,105.725324,Phú Thọ,15,north,0,2022-08-24,8,2,flood,0,3,2,2,28.33,35.0,24.1,405.7,86.3,13.74,18.7,28,1,4
12.244367,108.604515,Lâm Đồng,43,highlands,2,2022-09-14,9,2,landslide,1,3,4,2,19.11,25.5,14.4,184.6,16.1,10.6,18.0,31,0,5
12.333011,109.012217,Khánh Hòa,36,central,1,2022-05-11,5,1,storm,2,4,2,4,24.73,32.0,19.4,150.0,32.0,10.23,14.5,30,0,3
21.087617,105.747908,Hưng Yên,20,north,0,2023-12-08,12,1,storm,2,3,1,2,21.28,31.5,13.6,35.8,14.6,13.32,25.8,14,0,2
20.932534,105.429123,Phú Thọ,15,north,0,2023-10-03,10,2,flood,0,3,2,2,24.69,30.7,20.9,401.8,58.0,10.03,16.6,28,3,4
22.903583,105.365424,Hà Giang,14,north,0,2021-10-10,10,2,storm,2,4,5,1,24.07,31.8,19.0,169.3,26.2,7.58,12.0,29,0,1
9.646101,105.261848,Bạc Liêu,61,south,3,2021-11-10,11,1,storm,2,4,1,2,26.5,31.8,22.8,283.8,24.4,15.68,28.2,29,0,2
9.836505,105.250579,Cần Thơ,58,south,3,2023-07-01,7,2,landslide,1,4,1,1,27.72,32.8,24.0,271.7,34.8,17.29,23.5,31,0,1
20.188651,105.697413,Hà Nam,22,north,0,2021-09-08,9,2,landslide,1,3,1,2,27.99,35.5,23.3,215.8,29.0,10.97,22.0,28,0,1
11.50686,106.82816,Đồng Nai,48,south,3,2020-02-14,2,0,landslide,1,3,1,2,27.22,35.7,18.7,1.5,0.8,14.53,22.0,3,0,1
21.688898,103.235344,Điện Biên,5,north,0,2021-05-01,5,1,flood,0,3,4,1,21.67,33.3,14.5,273.0,47.3,6.0,10.2,28,0,3
12.297186,108.074119,Đắk Nông,42,highlands,2,2021-10-20,10,2,storm,2,3,4,2,20.53,27.0,15.9,438.2,54.6,9.29,15.9,30,1,2
21.206788,105.663743,Hà Nội,0,north,0,2023-11-12,11,1,flood,0,3,1,2,25.79,32.5,20.3,43.4,12.2,12.76,22.3,14,0,3
21.644621,106.305802,Bắc Giang,17,north,0,2020-08-06,8,2,storm,2,3,2,2,27.16,33.5,23.2,346.2,119.4,14.69,29.8,30,1,2
12.560345,109.474308,Khánh Hòa,36,central,1,2023-04-28,4,0,flood,0,4,2,4,27.93,32.0,24.1,18.8,3.1,20.74,30.9,20,0,2
20.373714,106.120137,Hưng Yên,20,north,0,2022-12-04,12,1,flood,0,3,1,2,23.45,30.3,10.7,177.9,87.8,14.33,23.4,26,2,2
21.630962,105.416289,Tuyên Quang,13,north,0,2021-12-11,12,1,landslide,1,3,3,2,19.32,28.0,11.8,17.5,6.2,9.82,21.5,10,0,3
21.796035,105.116479,Phú Thọ,15,north,0,2021-07-21,7,2,landslide,1,3,2,2,27.57,35.7,22.9,231.1,31.4,11.24,16.6,25,0,2
12.198976,107.718157,Đắk Nông,42,highlands,2,2020-10-31,10,2,flood,0,3,4,2,20.85,28.2,16.6,427.3,110.6,13.18,25.2,30,1,5
10.304533,104.778748,An Giang,56,south,3,2021-03-12,3,0,storm,2,5,1,1,26.99,35.5,19.9,58.2,45.3,15.62,21.0,19,0,1
11.344571,106.470931,Tây Ninh,46,south,3,2022-01-23,1,0,landslide,1,2,1,1,26.48,33.9,19.0,21.4,15.1,13.74,21.5,13,0,1
21.855189,105.394664,Thái Nguyên,9,north,0,2022-02-20,2,0,landslide,1,3,2,2,14.74,25.0,6.5,161.6,33.1,12.32,20.9,24,0,1
22.582434,104.762693,Hà Giang,14,north,0,2023-07-27,7,2,storm,2,4,5,1,25.95,33.7,20.4,327.6,31.0,8.18,10.7,30,0,1
21.174509,105.546658,Phú Thọ,15,north,0,2020-08-06,8,2,storm,2,3,2,2,30.14,37.8,25.1,445.5,201.7,15.68,25.7,26,1,3
20.433355,106.329797,Hưng Yên,20,north,0,2022-12-01,12,1,landslide,1,3,1,2,24.13,30.1,13.4,137.0,74.0,15.58,26.0,24,1,1
11.293939,106.601129,Bình Dương,47,south,3,2022-12-30,12,1,landslide,1,3,1,1,25.54,32.6,18.0,31.5,8.6,13.54,29.7,11,0,1
10.873721,105.12602,An Giang,56,south,3,2020-09-19,9,2,landslide,1,5,1,1,28.1,34.3,23.6,254.9,28.0,15.25,26.8,30,0,1
11.78389,106.49079,Bình Dương,47,south,3,2023-08-11,8,2,flood,0,3,1,1,26.34,32.1,23.3,483.9,34.9,15.1,24.6,31,0,5
21.075898,103.416386,Điện Biên,5,north,0,2021-08-31,8,2,storm,2,3,4,1,20.26,26.0,16.3,242.7,38.4,12.6,17.0,31,0,1
10.968289,106.075476,Bình Dương,47,south,3,2021-04-27,4,0,storm,2,3,1,1,28.17,36.1,23.7,221.7,28.3,13.35,19.1,27,0,1
20.614249,106.196015,Thái Bình,21,north,0,2022-05-05,5,1,landslide,1,4,1,3,23.75,35.0,14.9,77.4,46.9,16.17,25.8,15,0,1
15.609855,107.858877,Đà Nẵng,31,central,1,2023-09-01,9,2,landslide,1,4,2,4,29.17,37.0,23.9,95.4,18.7,14.35,21.6,25,0,2
20.721044,106.229522,Ninh Bình,24,north,0,2020-11-08,11,1,flood,0,4,2,2,22.57,29.0,16.2,186.5,77.9,18.1,29.9,19,1,4
9.915867,104.823497,Kiên Giang,57,south,3,2021-03-16,3,0,storm,2,4,1,2,26.69,31.2,23.1,6.0,4.0,25.73,32.7,7,0,1
9.222953,106.01629,Sóc Trăng,60,south,3,2022-07-05,7,2,storm,2,4,1,2,27.87,32.1,24.4,188.0,19.6,17.36,25.8,31,0,2
20.364149,106.040514,Thái Bình,21,north,0,2023-09-06,9,2,flood,0,4,1,3,28.45,34.8,24.5,240.4,25.2,13.51,21.2,26,0,5
9.579968,105.223183,Cà Mau,62,south,3,2020-01-30,1,0,storm,2,4,1,2,27.01,33.8,21.5,7.4,3.3,17.21,22.7,8,0,1
12.076654,108.168708,Lâm Đồng,43,highlands,2,2022-10-06,10,2,flood,0,3,4,2,22.82,30.0,17.8,311.7,31.4,8.41,15.9,31,0,4
22.016691,105.879881,Bắc Kạn,12,north,0,2021-11-16,11,1,flood,0,3,4,2,19.65,27.9,12.9,101.1,23.6,14.02,30.9,18,0,2
12.063433,108.62429,Ninh Thuận,37,central,1,2021-01-04,1,0,landslide,1,3,2,3,16.23,22.8,11.9,111.3,18.6,20.63,29.3,26,0,1
18.19905,105.967006,Hà Tĩnh,27,central,1,2023-01-16,1,0,storm,2,5,3,5,16.68,31.0,11.2,176.4,21.0,17.02,27.7,24,0,2
10.146809,105.008796,Kiên Giang,57,south,3,2022-07-30,7,2,storm,2,4,1,2,27.02,31.0,23.0,390.9,41.6,19.66,27.7,31,0,2
11.238326,108.746525,Ninh Thuận,37,central,1,2020-08-09,8,2,landslide,1,3,2,3,27.66,31.6,24.4,116.9,10.8,18.78,35.5,31,0,3
11.542326,106.965917,Bình Phước,45,south,3,2021-12-11,12,1,landslide,1,2,2,1,24.83,31.5,17.5,292.0,38.5,11.88,17.6,18,0,2
9.721356,105.668272,Hậu Giang,59,south,3,2020-01-14,1,0,landslide,1,4,1,1,26.59,32.7,20.5,4.4,1.1,17.9,25.5,9,0,1
18.901224,104.728478,Nghệ An,26,central,1,2021-08-09,8,2,storm,2,5,4,4,23.36,29.3,18.7,228.6,69.6,16.25,22.8,29,1,4
20.623075,106.480973,Hải Phòng,1,north,0,2021-06-10,6,2,flood,0,4,1,3,29.54,38.0,24.5,168.2,32.7,18.01,25.4,24,0,5
10.593873,106.395285,Tiền Giang,51,south,3,2022-10-26,10,2,landslide,1,4,1,2,25.95,31.5,20.9,361.0,32.4,13.11,24.8,28,0,1
21.630489,104.377016,Sơn La,6,north,0,2022-01-27,1,0,flood,0,3,5,2,10.6,18.0,4.9,168.1,49.9,8.11,12.5,20,0,1
21.090027,102.998345,Điện Biên,5,north,0,2020-05-30,5,1,flood,0,3,4,1,22.89,30.5,14.9,137.1,22.4,12.12,16.1,31,0,2
10.041631,105.951957,Long An,50,south,3,2022-12-07,12,1,storm,2,4,1,1,26.3,31.4,22.7,209.5,34.6,15.53,24.5,30,0,1
11.443423,108.989052,Ninh Thuận,37,central,1,2022-05-11,5,1,storm,2,3,2,3,26.52,33.3,20.8,88.1,31.6,15.44,24.1,20,0,2
11.182859,107.040514,TP.HCM,44,south,3,2022-01-13,1,0,storm,2,4,1,2,26.35,32.5,20.9,30.0,9.7,12.98,22.7,17,0,1
21.723041,105.08026,Phú Thọ,15,north,0,2020-06-01,6,2,flood,0,3,2,2,28.57,36.3,21.7,195.5,39.5,13.66,20.2,22,0,3
13.413778,108.959835,Phú Yên,35,central,1,2021-07-27,7,2,landslide,1,4,2,4,28.34,38.8,22.8,46.3,10.0,16.34,25.0,25,0,2
10.21181,105.241613,Đồng Tháp,55,south,3,2023-01-04,1,0,flood,0,5,1,1,25.63,32.7,18.0,19.4,9.0,14.03,27.4,11,0,3
22.456646,103.134179,Lai Châu,7,north,0,2021-03-10,3,0,flood,0,4,5,1,17.07,26.2,8.0,129.9,58.7,5.49,8.7,28,1,2
10.438059,105.344374,An Giang,56,south,3,2020-05-14,5,1,flood,0,5,1,1,29.06,35.7,24.2,58.8,13.7,11.93,16.8,20,0,4
12.863501,109.113348,Phú Yên,35,central,1,2022-01-18,1,0,storm,2,4,2,4,17.21,24.5,13.9,543.4,57.7,14.91,25.0,31,2,2
11.600814,106.175246,Tây Ninh,46,south,3,2022-06-15,6,2,flood,0,2,1,1,26.78,32.5,23.0,428.8,45.5,12.9,20.7,30,0,3
21.841743,104.63443,Yên Bái,4,north,0,2020-05-22,5,1,landslide,1,4,4,2,24.31,34.5,13.9,177.5,35.5,8.47,11.2,26,0,3
16.431989,107.787035,Thừa Thiên Huế,30,central,1,2023-09-23,9,2,landslide,1,5,4,5,28.81,38.6,24.8,132.1,37.2,15.89,25.5,26,0,5
9.85043,106.05496,Sóc Trăng,60,south,3,2023-08-12,8,2,flood,0,4,1,2,26.75,31.8,23.5,315.6,27.0,19.57,26.3,31,0,5
10.24894,105.046727,An Giang,56,south,3,2023-06-06,6,2,landslide,1,5,1,1,28.36,33.8,24.4,229.7,16.0,17.8,25.7,31,0,2
21.409482,105.954288,Thái Nguyên,9,north,0,2020-08-24,8,2,storm,2,3,2,2,27.82,35.2,24.0,623.5,72.3,13.83,25.6,31,2,2
9.967602,106.723047,Bến Tre,52,south,3,2023-04-23,4,0,flood,0,4,1,2,28.19,31.9,24.7,55.8,14.5,18.84,28.7,27,0,2
10.316678,106.009016,Long An,50,south,3,2023-04-16,4,0,storm,2,4,1,1,28.34,34.8,22.4,74.1,36.5,14.65,18.5,18,0,1
21.533171,105.766976,Bắc Ninh,18,north,0,2020-11-25,11,1,landslide,1,2,1,2,22.72,29.4,15.9,123.9,37.7,10.44,15.3,18,0,1
20.608857,106.121297,Nam Định,23,north,0,2022-03-31,3,0,flood,0,4,1,3,22.06,32.8,14.4,75.5,31.8,15.7,25.1,25,0,2
20.94536,103.860692,Sơn La,6,north,0,2020-11-18,11,1,landslide,1,3,5,2,21.53,29.6,13.8,43.8,12.7,8.02,13.0,13,0,4
11.87264,106.539561,Bình Phước,45,south,3,2021-04-03,4,0,storm,2,2,2,1,29.0,36.7,20.4,25.7,16.4,15.82,23.2,16,0,1
22.403978,104.871595,Hà Giang,14,north,0,2023-11-22,11,1,landslide,1,4,5,1,22.91,31.3,13.5,111.4,19.3,6.47,19.1,18,0,4
22.558019,105.874859,Cao Bằng,11,north,0,2020-09-23,9,2,storm,2,3,4,2,20.63,27.7,15.2,359.6,65.0,9.69,20.9,30,2,3
17.129011,106.620201,Quảng Trị,29,central,1,2023-11-17,11,1,flood,0,5,4,5,23.47,29.0,18.1,424.6,44.9,15.27,29.7,31,0,5
21.471427,106.552219,Lạng Sơn,10,north,0,2022-08-23,8,2,landslide,1,3,3,2,27.52,34.0,23.1,345.9,50.3,11.76,20.5,26,1,5
20.740726,106.31332,Ninh Bình,24,north,0,2020-02-02,2,0,storm,2,4,2,2,19.2,27.9,9.6,116.6,75.9,16.9,26.0,27,1,1
20.844045,106.216309,Nam Định,23,north,0,2023-03-12,3,0,landslide,1,4,1,3,19.98,31.5,10.9,15.5,7.2,16.45,23.5,13,0,1
20.819135,106.147373,Bắc Ninh,18,north,0,2022-11-19,11,1,landslide,1,2,1,2,23.89,31.7,16.2,46.7,27.4,14.01,27.2,17,0,1
19.301097,104.866394,Nghệ An,26,central,1,2023-11-13,11,1,storm,2,5,4,4,23.16,30.4,17.2,104.3,33.2,10.73,19.7,23,0,3
12.213785,109.279055,Khánh Hòa,36,central,1,2020-06-15,6,2,flood,0,4,2,4,27.13,32.9,22.8,28.7,6.6,15.29,23.4,24,0,4
13.312738,108.984913,Phú Yên,35,central,1,2020-01-30,1,0,flood,0,4,2,4,20.95,27.8,16.8,53.3,13.0,16.71,23.5,27,0,2
20.626915,106.265945,Hà Nội,0,north,0,2023-12-29,12,1,landslide,1,3,1,2,18.97,29.2,7.6,38.5,19.7,15.57,33.1,15,0,1
12.161361,109.271209,Khánh Hòa,36,central,1,2022-09-28,9,2,landslide,1,4,2,4,27.27,33.2,23.9,173.9,30.9,9.96,14.0,29,0,3
20.667956,106.087675,Thái Bình,21,north,0,2022-06-23,6,2,storm,2,4,1,3,28.95,36.2,24.2,253.5,29.8,14.13,20.8,23,0,3
9.978914,105.771391,Vĩnh Long,54,south,3,2020-02-09,2,0,storm,2,4,1,1,26.51,32.8,20.5,3.8,1.1,17.4,21.5,9,0,1
20.684668,106.204552,Nam Định,23,north,0,2023-02-04,2,0,landslide,1,4,1,3,17.06,31.4,6.8,34.4,10.8,15.1,27.1,13,0,1
10.879118,106.624951,TP.HCM,44,south,3,2023-01-15,1,0,flood,0,4,1,2,25.47,32.2,18.0,87.6,18.9,14.8,27.0,15,0,2
21.432069,106.233966,Hà Nội,0,north,0,2020-07-24,7,2,flood,0,3,1,2,30.09,36.7,24.8,190.3,29.2,16.46,20.7,29,0,4
20.582203,106.075459,Hà Nam,22,north,0,2022-05-11,5,1,storm,2,3,1,2,24.65,35.4,16.2,114.3,53.1,16.86,26.1,20,1,2
14.81838,109.129273,Quảng Ngãi,33,central,1,2023-03-26,3,0,storm,2,5,3,4,23.28,30.8,18.3,145.7,32.7,18.91,29.4,20,0,2
21.872503,104.777676,Tuyên Quang,13,north,0,2021-07-29,7,2,landslide,1,3,3,2,28.1,34.2,23.9,304.5,62.8,8.58,13.1,29,1,5
13.397222,109.534055,Bình Định,34,central,1,2020-12-30,12,1,flood,0,4,3,4,24.24,26.3,22.1,138.9,25.4,46.8,70.1,30,0,3
9.21061,105.672671,Cà Mau,62,south,3,2023-05-26,5,1,landslide,1,4,1,2,29.18,34.1,25.0,135.7,33.3,19.29,29.0,30,0,1
10.850394,105.987204,Long An,50,south,3,2023-11-18,11,1,flood,0,4,1,1,26.78,32.8,22.1,324.8,29.6,13.15,19.0,30,0,4
23.281827,104.901699,Hà Giang,14,north,0,2023-10-02,10,2,flood,0,4,5,1,24.72,31.4,19.8,130.7,33.1,10.51,16.1,30,0,5
11.512763,106.415932,Tây Ninh,46,south,3,2023-05-17,5,1,flood,0,2,1,1,29.43,35.8,25.0,99.0,17.1,15.2,23.9,26,0,1
17.297471,106.135456,Quảng Bình,28,central,1,2023-02-07,2,0,flood,0,5,4,5,16.41,27.7,8.6,41.7,11.5,22.42,42.0,19,0,3
20.505149,107.09134,Hải Phòng,1,north,0,2023-12-01,12,1,storm,2,4,1,3,24.39,27.6,20.1,17.6,3.0,29.15,53.2,17,0,3
9.694954,106.508506,Trà Vinh,53,south,3,2023-11-04,11,1,flood,0,4,1,2,27.39,31.7,24.0,213.4,19.0,15.63,26.1,31,0,4
10.035452,106.285248,Tiền Giang,51,south,3,2022-08-18,8,2,landslide,1,4,1,2,26.76,32.3,23.0,279.0,25.3,13.93,20.5,31,0,2
21.19973,102.7049,Điện Biên,5,north,0,2020-08-22,8,2,storm,2,3,4,1,24.72,33.3,20.9,438.1,45.2,7.54,12.1,31,0,1
10.353318,106.644489,Bến Tre,52,south,3,2021-09-07,9,2,flood,0,4,1,2,26.86,32.5,23.5,325.1,30.4,13.15,21.3,30,0,5
22.824513,106.581593,Cao Bằng,11,north,0,2020-05-03,5,1,flood,0,3,4,2,18.33,28.5,9.6,133.2,26.1,16.87,25.6,25,0,2
11.710395,106.021498,Tây Ninh,46,south,3,2021-04-17,4,0,landslide,1,2,1,1,28.97,36.8,23.1,155.6,41.9,14.67,20.9,26,0,1
11.800766,106.346602,Bình Phước,45,south,3,2021-03-08,3,0,storm,2,2,2,1,26.83,35.1,18.9,21.2,7.1,13.81,21.3,13,0,1
22.117191,104.997336,Tuyên Quang,13,north,0,2022-03-02,3,0,landslide,1,3,3,2,14.97,25.1,6.2,107.5,42.3,8.75,13.4,19,0,2
11.766832,106.826071,Bình Phước,45,south,3,2020-12-31,12,1,flood,0,2,2,1,26.18,34.8,19.0,28.9,5.2,15.95,24.1,16,0,2
8.796534,106.04398,Bạc Liêu,61,south,3,2023-05-21,5,1,storm,2,4,1,2,29.33,32.0,25.8,76.9,16.3,24.51,35.2,20,0,1
20.861474,106.207759,Bắc Giang,17,north,0,2022-03-09,3,0,landslide,1,3,2,2,16.63,25.6,7.3,92.9,20.6,14.75,26.6,22,0,1
10.319458,106.184949,Long An,50,south,3,2022-04-17,4,0,flood,0,4,1,1,27.07,34.7,22.6,254.5,38.4,12.85,18.2,30,0,2
20.675039,105.555496,Hưng Yên,20,north,0,2020-09-01,9,2,flood,0,3,1,2,27.11,33.9,23.6,457.9,120.3,9.98,23.6,31,2,5
